latitude,longitude,acq_date,acq_time,satellite,confidence
-29.5161,-62.1004,2000-11-01,231,Terra,51
-28.2832,-61.6395,2000-11-01,232,Terra,60
-28.2825,-61.6447,2000-11-01,232,Terra,52
-26.0481,-54.4666,2000-11-01,232,Terra,90
-26.0389,-54.4681,2000-11-01,232,Terra,100
-26.3705,-64.4282,2000-11-01,232,Terra,97
-26.3732,-64.4712,2000-11-01,232,Terra,100
-26.3687,-64.4354,2000-11-01,232,Terra,100
-26.3716,-64.4783,2000-11-01,232,Terra,97
-25.4355,-63574,2000-11-01,233,Terra,31
-25.0414,-64.3304,2000-11-01,233,Terra,74
-25.0441,-64.3705,2000-11-01,233,Terra,47
-25.0379,-64.3354,2000-11-01,233,Terra,83
-24.5297,-63.9801,2000-11-01,233,Terra,88
-24.5132,-63.9816,2000-11-01,233,Terra,49
-24.5236,-63.9858,2000-11-01,233,Terra,91
-22.9866,-63.7539,2000-11-01,233,Terra,65
-22866,-63.7715,2000-11-01,233,Terra,48
-22.1783,-63.4472,2000-11-01,233,Terra,97
-22181,-63.4788,2000-11-01,233,Terra,100
-22.1821,-63.4534,2000-11-01,233,Terra,95
-22.1849,-63485,2000-11-01,233,Terra,82
-22.1667,-63.4549,2000-11-01,234,Terra,91
-22.1695,-63.4865,2000-11-01,234,Terra,80
-26.8491,-54.8182,2000-11-01,1330,Terra,32
-22.0159,-63909,2000-11-01,1507,Terra,18
-22.1482,-63.6472,2000-11-01,1507,Terra,66
-22.1502,-63.6294,2000-11-01,1507,Terra,70
-22.1804,-63.4679,2000-11-01,1507,Terra,64
-22.8392,-63.9754,2000-11-01,1507,Terra,65
-22.9915,-63.7504,2000-11-01,1507,Terra,100
-22.9935,-63.7323,2000-11-01,1507,Terra,99
-22.9845,-63.7554,2000-11-01,1507,Terra,87
-22.9864,-63.7373,2000-11-01,1507,Terra,97
-22.9965,-63.7569,2000-11-01,1507,Terra,92
-22.9984,-63.7388,2000-11-01,1507,Terra,98
-23482,-64.2371,2000-11-01,1507,Terra,94
-23.4839,-64.2202,2000-11-01,1507,Terra,75
-23.4778,-64.2424,2000-11-01,1507,Terra,70
-23.4796,-64.2254,2000-11-01,1507,Terra,73
-23.4895,-64.2439,2000-11-01,1507,Terra,78
-23.4913,-64.2269,2000-11-01,1507,Terra,78
-24.5247,-63.9698,2000-11-01,1507,Terra,33
-24.5893,-63.8712,2000-11-01,1507,Terra,41
-24.5914,-63.8523,2000-11-01,1507,Terra,55
-24.6356,-63.8251,2000-11-01,1507,Terra,38
-25.1647,-62.8177,2000-11-01,1508,Terra,42
-25.3479,-62.0019,2000-11-01,1508,Terra,65
-25338,-62.0064,2000-11-01,1508,Terra,73
-33.1315,-68.5196,2000-11-01,1510,Terra,59
-33.5799,-69.0172,2000-11-01,1510,Terra,38
-34.0936,-66.2714,2000-11-01,1510,Terra,65
-34.1053,-66.2731,2000-11-01,1510,Terra,78
-34.1171,-66.2749,2000-11-01,1510,Terra,32
-34127,-66.2955,2000-11-01,1510,Terra,79
-34.1288,-66.2765,2000-11-01,1510,Terra,91
-34.1406,-66278,2000-11-01,1510,Terra,64
-43.2285,-71.5734,2000-11-01,1513,Terra,43
-43.9285,-71.0196,2000-11-01,1513,Terra,56
-25.4608,-63.0353,2000-11-02,315,Terra,59
-24.4225,-63919,2000-11-02,316,Terra,86
-26.0256,-64244,2000-11-02,1413,Terra,31
-26.0186,-64.2492,2000-11-02,1413,Terra,42
-26.5524,-62.9013,2000-11-02,1413,Terra,77
-28.1069,-61.6502,2000-11-02,1413,Terra,38
-28.1202,-61.6999,2000-11-02,1413,Terra,49
-28.1229,-61.6849,2000-11-02,1413,Terra,70
-29.2193,-60.9769,2000-11-02,1414,Terra,55
-29.8888,-62.66,2000-11-02,1414,Terra,44
-31.3947,-58.0249,2000-11-02,1414,Terra,61
-31.3963,-58.0144,2000-11-02,1414,Terra,0
-31627,-58.5029,2000-11-02,1414,Terra,49
-32225,-58.1377,2000-11-02,1414,Terra,0
-32.6231,-60.1568,2000-11-02,1414,Terra,49
-33.3681,-60.1567,2000-11-02,1415,Terra,58
-33.6782,-59.67,2000-11-02,1415,Terra,17
-34.4582,-58.9113,2000-11-02,1415,Terra,50
-34.1975,-60.7346,2000-11-02,1415,Terra,54
-34.2954,-60.2543,2000-11-02,1415,Terra,56
-34.6573,-59.4247,2000-11-02,1415,Terra,14
-34.7818,-58.8367,2000-11-02,1415,Terra,46
-34.6495,-60.4681,2000-11-02,1415,Terra,37
-34.8963,-60.0201,2000-11-02,1415,Terra,39
-35.1727,-58.2361,2000-11-02,1415,Terra,60
-35.1173,-60.4902,2000-11-02,1415,Terra,57
-35.1192,-60.4788,2000-11-02,1415,Terra,44
-35.5718,-58.0106,2000-11-02,1415,Terra,0
-35.4428,-60.8819,2000-11-02,1415,Terra,51
-35452,-60.8841,2000-11-02,1415,Terra,45
-36.5402,-56.6997,2000-11-02,1415,Terra,24
-35.8094,-61.8951,2000-11-02,1415,Terra,28
-36.7251,-56.6826,2000-11-02,1415,Terra,0
-36.8652,-57.8795,2000-11-02,1415,Terra,59
-37001,-57135,2000-11-02,1415,Terra,57
-37.8421,-58.2587,2000-11-02,1416,Terra,38
-37.8513,-58.2606,2000-11-02,1416,Terra,46
-38.2641,-57.8431,2000-11-02,1416,Terra,44
-38.3814,-60276,2000-11-02,1416,Terra,32
-23.0933,-64.2955,2000-11-03,1455,Terra,46
-24.2732,-63.6479,2000-11-03,1455,Terra,78
-24.2748,-63.6357,2000-11-03,1455,Terra,72
-24.7169,-63.0829,2000-11-03,1455,Terra,83
-24.7273,-63.0844,2000-11-03,1455,Terra,42
-25.1617,-64.0192,2000-11-03,1455,Terra,97
-25.1632,-64.0072,2000-11-03,1455,Terra,87
-25.2017,-64.2548,2000-11-03,1455,Terra,96
-25.2032,-64.2608,2000-11-03,1455,Terra,87
-25.2046,-64.2492,2000-11-03,1455,Terra,86
-25205,-64.4031,2000-11-03,1455,Terra,67
-25.4328,-63.5533,2000-11-03,1455,Terra,48
-26.5579,-62.9028,2000-11-03,1456,Terra,75
-26.3744,-64.4821,2000-11-03,1456,Terra,65
-26.3774,-64.4583,2000-11-03,1456,Terra,55
-26.5622,-62.8951,2000-11-03,1456,Terra,68
-26.8528,-62.7195,2000-11-03,1456,Terra,61
-26.6595,-64.5556,2000-11-03,1456,Terra,85
-26661,-64.5437,2000-11-03,1456,Terra,82
-27.0485,-61.5696,2000-11-03,1456,Terra,69
-27435,-61.8686,2000-11-03,1456,Terra,22
-27.8106,-64.9348,2000-11-03,1456,Terra,60
-27.8204,-64.9362,2000-11-03,1456,Terra,71
-28.4719,-60.5306,2000-11-03,1456,Terra,87
-28474,-60.5077,2000-11-03,1456,Terra,50
-28.6559,-60.4938,2000-11-03,1456,Terra,48
-28266,-64.9514,2000-11-03,1456,Terra,47
-28.9137,-60.4932,2000-11-03,1456,Terra,62
-28.9498,-61.6079,2000-11-03,1456,Terra,33
-28.96,-61.6289,2000-11-03,1456,Terra,74
-28962,-61.6093,2000-11-03,1456,Terra,81
-28.9514,-61.6337,2000-11-03,1456,Terra,41
-28.9533,-61.6141,2000-11-03,1456,Terra,83
-29.4227,-61.4102,2000-11-03,1456,Terra,60
-29.4243,-61.4171,2000-11-03,1456,Terra,65
-29.6485,-61.2218,2000-11-03,1457,Terra,55
-29577,-62.1029,2000-11-03,1457,Terra,42
-29.6384,-62.3939,2000-11-03,1457,Terra,62
-29.8959,-61.1975,2000-11-03,1457,Terra,48
-31975,-65.6702,2000-11-03,1457,Terra,58
-32.3393,-65.3459,2000-11-03,1457,Terra,74
-32.6297,-65.4655,2000-11-03,1457,Terra,88
-32.6313,-65.4521,2000-11-03,1457,Terra,68
-32.5341,-68.5399,2000-11-03,1458,Terra,68
-32.5356,-68.5292,2000-11-03,1458,Terra,70
-33.0593,-65.6878,2000-11-03,1458,Terra,90
-33.0609,-65.6745,2000-11-03,1458,Terra,91
-33.0692,-65.6894,2000-11-03,1458,Terra,62
-33.0708,-65.6762,2000-11-03,1458,Terra,33
-33.0701,-65.6819,2000-11-03,1458,Terra,72
-34.9741,-67.6835,2000-11-03,1458,Terra,17
-34.9819,-67697,2000-11-03,1458,Terra,35
-29.9787,-64.3141,2000-11-04,302,Terra,8
-29.9802,-64.3287,2000-11-04,302,Terra,94
-29.9739,-64.3207,2000-11-04,302,Terra,75
-29.9755,-64.3353,2000-11-04,302,Terra,67
-24.2773,-63.6367,2000-11-04,304,Terra,25
-22865,-63.7562,2000-11-04,304,Terra,49
-22.8556,-63.7576,2000-11-04,304,Terra,86
-26.1154,-64536,2000-11-04,1401,Terra,27
-28.5973,-58.4914,2000-11-04,1401,Terra,54
-28.2932,-61.2854,2000-11-04,1401,Terra,17
-29.2555,-58.1327,2000-11-04,1401,Terra,65
-35.0943,-62.2401,2000-11-04,1403,Terra,74
-35.0982,-62.2209,2000-11-04,1403,Terra,72
-37.2337,-59.0873,2000-11-04,1403,Terra,21
-37.4076,-61.7472,2000-11-04,1404,Terra,17
-23.25,-63.2525,2000-11-05,1443,Terra,27
-23.5188,-64.2342,2000-11-05,1443,Terra,75
-23.5203,-64.2244,2000-11-05,1443,Terra,66
-24.2681,-63.6527,2000-11-05,1443,Terra,89
-24.2695,-63.6429,2000-11-05,1443,Terra,100
-24271,-63.6331,2000-11-05,1443,Terra,100
-24.2724,-63.6233,2000-11-05,1443,Terra,57
-24.28,-63.6346,2000-11-05,1443,Terra,41
-26.5771,-65.6747,2000-11-05,1444,Terra,82
-28.4718,-58.5119,2000-11-05,1444,Terra,52
-28.4049,-60.3568,2000-11-05,1444,Terra,70
-29.0219,-59.2886,2000-11-05,1444,Terra,70
-29.0295,-59.2962,2000-11-05,1444,Terra,53
-29.3098,-61.8904,2000-11-05,1444,Terra,61
-28.4841,-68.4724,2000-11-05,1444,Terra,92
-30.3104,-61233,2000-11-05,1444,Terra,59
-28.3583,-61.3081,2000-11-06,250,Terra,44
-28.3622,-61.3139,2000-11-06,250,Terra,68
-25.7697,-54.4407,2000-11-06,1348,Terra,38
-27.3323,-55.3306,2000-11-06,1348,Terra,50
-27.3341,-55.3372,2000-11-06,1348,Terra,54
-26.8301,-67.0168,2000-11-06,1527,Terra,68
-26.8347,-67.0232,2000-11-06,1527,Terra,71
-24.6202,-60.5541,2000-11-07,1431,Terra,28
-24.6631,-60.7027,2000-11-07,1431,Terra,73
-25.0702,-58.7667,2000-11-07,1431,Terra,61
-26.2478,-54.4008,2000-11-07,1431,Terra,71
-26.2499,-54.3799,2000-11-07,1431,Terra,82
-26.7179,-54.8825,2000-11-07,1431,Terra,88
-26.7303,-54884,2000-11-07,1431,Terra,88
-26.7323,-54.8643,2000-11-07,1431,Terra,43
-26.8395,-54.8236,2000-11-07,1431,Terra,46
-26.9596,-54.7828,2000-11-07,1431,Terra,80
-26.9616,-54.7628,2000-11-07,1431,Terra,74
-26.9611,-54.7898,2000-11-07,1431,Terra,60
-26963,-54.7697,2000-11-07,1431,Terra,82
-27.0977,-59.9196,2000-11-07,1431,Terra,40
-27.0991,-59909,2000-11-07,1431,Terra,90
-27.5601,-57.0003,2000-11-07,1431,Terra,52
-28.7518,-66.0001,2000-11-07,1432,Terra,61
-29.4642,-56.8164,2000-11-08,238,Terra,39
-26.1813,-64.6636,2000-11-08,239,Terra,85
-26.1848,-64.6345,2000-11-08,239,Terra,64
-26.1874,-64.6678,2000-11-08,239,Terra,77
-24.3121,-63.9324,2000-11-08,239,Terra,24
-24.3085,-63.9094,2000-11-08,239,Terra,31
-24311,-63.9376,2000-11-08,239,Terra,83
-24.2939,-63.9109,2000-11-08,239,Terra,75
-24.2964,-63.9391,2000-11-08,239,Terra,97
-24.2978,-63.9338,2000-11-08,1514,Terra,48
-24.3074,-63.9162,2000-11-08,1514,Terra,50
-30.0793,-62.8698,2000-11-08,1515,Terra,63
-41.6694,-71093,2000-11-08,1519,Terra,78
-41.68,-71.0953,2000-11-08,1519,Terra,78
-34.8804,-57.8527,2000-11-09,1421,Terra,31
-34.9874,-58.3767,2000-11-09,1421,Terra,23
-35.1864,-59.0972,2000-11-09,1421,Terra,63
-35.1197,-60.4821,2000-11-09,1421,Terra,61
-34.8865,-63.6074,2000-11-09,1421,Terra,30
-35.4469,-60.8844,2000-11-09,1421,Terra,67
-35.4542,-60.8921,2000-11-09,1421,Terra,56
-35.4558,-60881,2000-11-09,1421,Terra,56
-35.6431,-59.7816,2000-11-09,1421,Terra,50
-35.7217,-59.9422,2000-11-09,1421,Terra,45
-35.6226,-61.3657,2000-11-09,1421,Terra,62
-35.4909,-62.9752,2000-11-09,1421,Terra,57
-35.8171,-61.8948,2000-11-09,1422,Terra,35
-36.7751,-59.0881,2000-11-09,1422,Terra,61
-37.9844,-61.3488,2000-11-09,1422,Terra,52
-38.3773,-60276,2000-11-09,1422,Terra,37
-26.3638,-61.5079,2000-11-10,1502,Terra,47
-28.3492,-61.2318,2000-11-10,1502,Terra,74
-28.3515,-61.2054,2000-11-10,1502,Terra,69
-28.3562,-61.2128,2000-11-10,1502,Terra,43
-28.5613,-60.5034,2000-11-10,1502,Terra,61
-29.5812,-60.8488,2000-11-10,1503,Terra,67
-29.5826,-60.8544,2000-11-10,1503,Terra,62
-34.6296,-68.3321,2000-11-10,1504,Terra,38
-34.9799,-67.6879,2000-11-10,1504,Terra,35
-34.9787,-67.6943,2000-11-10,1504,Terra,33
-24.7461,-63.0764,2000-11-11,310,Terra,53
-26.1186,-64.4452,2000-11-11,1407,Terra,48
-28.2648,-56.0755,2000-11-11,1407,Terra,58
-28.0741,-61378,2000-11-11,1407,Terra,46
-28.3008,-61.2678,2000-11-11,1407,Terra,63
-29.4443,-61.2329,2000-11-11,1408,Terra,58
-28.8119,-66.0752,2000-11-11,1408,Terra,53
-29.7016,-62.5025,2000-11-11,1408,Terra,33
-29.7136,-62.5056,2000-11-11,1408,Terra,61
-29.7082,-62.4893,2000-11-11,1408,Terra,63
-30.6234,-67.7222,2000-11-12,351,Terra,16
-23.3996,-65.0537,2000-11-12,1449,Terra,56
-24.2356,-64.8692,2000-11-12,1449,Terra,39
-25.0308,-62.8901,2000-11-12,1449,Terra,41
-26.1141,-64454,2000-11-12,1450,Terra,71
-26.1155,-64.4436,2000-11-12,1450,Terra,32
-27.1705,-65.4989,2000-11-12,1450,Terra,58
-27.35,-65.5903,2000-11-12,1450,Terra,60
-27.4297,-65.6147,2000-11-12,1450,Terra,47
-27.9228,-63.8929,2000-11-12,1450,Terra,62
-28.4849,-66.0113,2000-11-12,1450,Terra,73
-29.6953,-63.8852,2000-11-12,1451,Terra,77
-29.6968,-63.8731,2000-11-12,1451,Terra,66
-29705,-63.8867,2000-11-12,1451,Terra,64
-29.7065,-63.8746,2000-11-12,1451,Terra,42
-30.6837,-64.42,2000-11-12,1451,Terra,48
-31.2488,-61.4978,2000-11-12,1451,Terra,30
-31.2505,-61.4804,2000-11-12,1451,Terra,38
-30.9797,-64.0911,2000-11-12,1451,Terra,48
-30.6237,-67.7237,2000-11-12,1451,Terra,77
-30.8225,-66.6365,2000-11-12,1451,Terra,77
-31.9484,-65.1898,2000-11-12,1451,Terra,50
-35.6594,-63759,2000-11-12,1452,Terra,35
-38.4974,-68.5978,2000-11-12,1453,Terra,70
-33.3698,-60.1598,2000-11-13,255,Terra,44
-32.0236,-65.8443,2000-11-13,1356,Terra,70
-32.0228,-65.8521,2000-11-13,1356,Terra,69
-33.3726,-60.1429,2000-11-13,1356,Terra,0
-34.6511,-59.4266,2000-11-13,1357,Terra,45
-34.6516,-59.4328,2000-11-13,1357,Terra,28
-36.8137,-58.4376,2000-11-13,1357,Terra,51
-37.1982,-59.1116,2000-11-13,1357,Terra,22
-52.7362,-68.5541,2000-11-13,1402,Terra,41
-38.4961,-68.6049,2000-11-14,337,Terra,52
-38.0509,-68.8521,2000-11-14,337,Terra,100
-38.0525,-68.8642,2000-11-14,337,Terra,58
-29.8755,-61.9457,2000-11-14,1438,Terra,36
-29.8848,-61.9473,2000-11-14,1438,Terra,68
-30.3105,-61.2378,2000-11-14,1438,Terra,58
-30.3146,-61.2329,2000-11-14,1438,Terra,67
-30.3546,-61.0697,2000-11-14,1438,Terra,47
-30.7111,-62.0096,2000-11-14,1438,Terra,62
-30.8732,-63.2365,2000-11-14,1439,Terra,26
-31.0915,-61904,2000-11-14,1439,Terra,52
-31093,-61.8926,2000-11-14,1439,Terra,58
-31.3077,-60.6627,2000-11-14,1439,Terra,42
-31.2561,-61.4874,2000-11-14,1439,Terra,38
-31.5299,-59.6031,2000-11-14,1439,Terra,52
-31.5315,-59.5882,2000-11-14,1439,Terra,83
-30979,-64.0972,2000-11-14,1439,Terra,34
-31448,-60.9256,2000-11-14,1439,Terra,30
-31.4482,-60.9322,2000-11-14,1439,Terra,67
-31458,-60.9337,2000-11-14,1439,Terra,14
-31.4052,-62.3062,2000-11-14,1439,Terra,52
-31.4552,-64.1144,2000-11-14,1439,Terra,12
-31.7714,-61.8284,2000-11-14,1439,Terra,46
-31.8922,-61.8615,2000-11-14,1439,Terra,45
-31.9016,-61.8632,2000-11-14,1439,Terra,59
-31.9031,-61.8514,2000-11-14,1439,Terra,44
-32.0317,-61.2182,2000-11-14,1439,Terra,58
-31.8715,-62.7219,2000-11-14,1439,Terra,64
-31873,-62.7109,2000-11-14,1439,Terra,42
-31.6565,-64.4324,2000-11-14,1439,Terra,13
-32019,-62.9187,2000-11-14,1439,Terra,49
-32.3556,-60.4598,2000-11-14,1439,Terra,34
-32.1718,-64.1215,2000-11-14,1439,Terra,50
-32.1734,-64.1109,2000-11-14,1439,Terra,59
-31.9856,-65.6421,2000-11-14,1439,Terra,70
-32009,-65.8522,2000-11-14,1439,Terra,89
-32.0182,-65.8542,2000-11-14,1439,Terra,97
-32.6601,-62.3011,2000-11-14,1439,Terra,42
-32628,-62.6924,2000-11-14,1439,Terra,40
-32.6295,-62.6811,2000-11-14,1439,Terra,51
-32.8135,-61.3904,2000-11-14,1439,Terra,46
-32.8232,-61392,2000-11-14,1439,Terra,35
-33.0436,-61.1658,2000-11-14,1439,Terra,68
-32886,-62.6771,2000-11-14,1439,Terra,47
-33.0064,-61.8095,2000-11-14,1439,Terra,15
-32.5541,-65.3786,2000-11-14,1439,Terra,62
-33.2825,-62184,2000-11-14,1439,Terra,46
-33.1234,-64.3469,2000-11-14,1439,Terra,22
-33.4194,-63296,2000-11-14,1439,Terra,50
-33.6368,-62.1236,2000-11-14,1439,Terra,19
-33.6447,-62.4011,2000-11-14,1439,Terra,28
-33.7485,-61.9622,2000-11-14,1439,Terra,45
-33.8933,-61.0953,2000-11-14,1439,Terra,22
-34011,-63.9242,2000-11-14,1439,Terra,39
-34.1222,-63.3878,2000-11-14,1439,Terra,35
-34.3092,-61.9436,2000-11-14,1439,Terra,45
-34.1314,-63.3896,2000-11-14,1439,Terra,54
-34.2649,-62.7136,2000-11-14,1439,Terra,33
-34369,-61.9599,2000-11-14,1439,Terra,50
-34.3705,-61.9472,2000-11-14,1439,Terra,23
-34.5005,-61.5404,2000-11-14,1439,Terra,47
-35.1178,-60.4829,2000-11-14,1440,Terra,39
-34.6948,-64.2236,2000-11-14,1440,Terra,32
-34.6194,-65.8027,2000-11-14,1440,Terra,71
-35.0306,-63.0201,2000-11-14,1440,Terra,37
-35.0321,-63.0083,2000-11-14,1440,Terra,50
-35.0132,-64318,2000-11-14,1440,Terra,39
-35.0422,-64.2442,2000-11-14,1440,Terra,46
-35.2404,-63.5909,2000-11-14,1440,Terra,44
-35.4895,-62.9722,2000-11-14,1440,Terra,64
-35.4937,-62979,2000-11-14,1440,Terra,40
-35.1759,-66.3177,2000-11-14,1440,Terra,64
-35.6664,-63.7647,2000-11-14,1440,Terra,24
-35.6679,-63.7532,2000-11-14,1440,Terra,45
-35.9158,-64.3006,2000-11-14,1440,Terra,41
-35.9174,-64.2893,2000-11-14,1440,Terra,41
-35774,-65662,2000-11-14,1440,Terra,73
-36.3728,-64.5194,2000-11-14,1440,Terra,31
-36754,-62.9569,2000-11-14,1440,Terra,28
-37.0214,-69598,2000-11-14,1440,Terra,68
-29.3993,-61.8825,2000-11-15,1343,Terra,43
-28.6834,-65.9416,2000-11-15,1521,Terra,38
-33.2842,-68344,2000-11-15,1522,Terra,69
-28.5404,-65.9789,2000-11-16,327,Terra,43
-23.9594,-64.8588,2000-11-16,1425,Terra,42
-24.2669,-63.6567,2000-11-16,1425,Terra,89
-24.2694,-63.6424,2000-11-16,1425,Terra,82
-24.2776,-63.6589,2000-11-16,1425,Terra,94
-24.2801,-63.6446,2000-11-16,1425,Terra,89
-24.2825,-63.6517,2000-11-16,1425,Terra,83
-26.1841,-53.9041,2000-11-16,1425,Terra,40
-26.1853,-54217,2000-11-16,1425,Terra,59
-26.1822,-54223,2000-11-16,1425,Terra,56
-26.5764,-54.5819,2000-11-16,1425,Terra,71
-26.1667,-59.6585,2000-11-16,1425,Terra,54
-26.9294,-54.7827,2000-11-16,1425,Terra,55
-26.7867,-60.4381,2000-11-16,1425,Terra,50
-27.6628,-59.1041,2000-11-16,1425,Terra,51
-27.6642,-59.0938,2000-11-16,1425,Terra,65
-27.4969,-61.6161,2000-11-16,1425,Terra,42
-28.4358,-56.7144,2000-11-16,1425,Terra,49
-27.8437,-61.5938,2000-11-16,1425,Terra,79
-27.8453,-61.5831,2000-11-16,1425,Terra,57
-28.2212,-61.2382,2000-11-16,1425,Terra,38
-28.2228,-61.2278,2000-11-16,1425,Terra,69
-28137,-61.8315,2000-11-16,1425,Terra,47
-28.2319,-61.2295,2000-11-16,1425,Terra,15
-28341,-60.6994,2000-11-16,1426,Terra,59
-28.3527,-61227,2000-11-16,1426,Terra,58
-28.4725,-60.4365,2000-11-16,1426,Terra,70
-28474,-60.4263,2000-11-16,1426,Terra,77
-28.4724,-60.4993,2000-11-16,1426,Terra,70
-28.4739,-60.4892,2000-11-16,1426,Terra,60
-28.2996,-61.7484,2000-11-16,1426,Terra,41
-28.4989,-60.6892,2000-11-16,1426,Terra,51
-28.5653,-60.6177,2000-11-16,1426,Terra,52
-28.4046,-62.3402,2000-11-16,1426,Terra,76
-28.4064,-62.3291,2000-11-16,1426,Terra,79
-28.6774,-61.0954,2000-11-16,1426,Terra,57
-28.6861,-61.0926,2000-11-16,1426,Terra,52
-28.7069,-61.1392,2000-11-16,1426,Terra,69
-28.5421,-62.4208,2000-11-16,1426,Terra,27
-28.8332,-61.1595,2000-11-16,1426,Terra,39
-29.1478,-59.6513,2000-11-16,1426,Terra,15
-29.4631,-60.2063,2000-11-16,1426,Terra,41
-29.2098,-61.9899,2000-11-16,1426,Terra,77
-29.4564,-60.7546,2000-11-16,1426,Terra,62
-29.4664,-61.1771,2000-11-16,1426,Terra,49
-29.4462,-61.4308,2000-11-16,1426,Terra,46
-29.3861,-61.9828,2000-11-16,1426,Terra,46
-29.4044,-61.9865,2000-11-16,1426,Terra,44
-29.8667,-59.4323,2000-11-16,1426,Terra,60
-29.8681,-59.4216,2000-11-16,1426,Terra,69
-29598,-62.0498,2000-11-16,1426,Terra,88
-29.8766,-61.3859,2000-11-16,1426,Terra,45
-29.8782,-61.3755,2000-11-16,1426,Terra,55
-29.7768,-62.7794,2000-11-16,1426,Terra,61
-30.2282,-61.0127,2000-11-16,1426,Terra,65
-30.2298,-61.0023,2000-11-16,1426,Terra,51
-30.4334,-59.9787,2000-11-16,1426,Terra,53
-30307,-61163,2000-11-16,1426,Terra,40
-30.7607,-59.1376,2000-11-16,1426,Terra,68
-30.9021,-59.6539,2000-11-16,1426,Terra,58
-30.5311,-63.8022,2000-11-16,1426,Terra,53
-30.9473,-61.5562,2000-11-16,1426,Terra,54
-30.7978,-63.2544,2000-11-16,1426,Terra,41
-30.7997,-63.2428,2000-11-16,1426,Terra,58
-31.4473,-60.9243,2000-11-16,1426,Terra,40
-31866,-59.0261,2000-11-16,1426,Terra,57
-32.2225,-58.1382,2000-11-16,1426,Terra,0
-31.8958,-61.8622,2000-11-16,1426,Terra,28
-32.4845,-58.2388,2000-11-16,1427,Terra,37
-32.3975,-59.7862,2000-11-16,1427,Terra,34
-32.2914,-62.1132,2000-11-16,1427,Terra,51
-32.6231,-60.1512,2000-11-16,1427,Terra,59
-33.0088,-58517,2000-11-16,1427,Terra,37
-31.7947,-66.7009,2000-11-16,1427,Terra,79
-31.7979,-66.6838,2000-11-16,1427,Terra,64
-31.7957,-66.6892,2000-11-16,1427,Terra,76
-33.1492,-59.3159,2000-11-16,1427,Terra,50
-33.0404,-61.1666,2000-11-16,1427,Terra,36
-33.0494,-61.1684,2000-11-16,1427,Terra,39
-33152,-60513,2000-11-16,1427,Terra,52
-33.2315,-60.3321,2000-11-16,1427,Terra,43
-32.7576,-63.7608,2000-11-16,1427,Terra,63
-33367,-60.1489,2000-11-16,1427,Terra,51
-32.66,-65.1677,2000-11-16,1427,Terra,46
-33.5973,-59.8705,2000-11-16,1427,Terra,67
-33.8356,-58.4796,2000-11-16,1427,Terra,65
-33809,-59.5082,2000-11-16,1427,Terra,51
-33067,-64.8484,2000-11-16,1427,Terra,84
-33.0693,-64.8356,2000-11-16,1427,Terra,42
-33.8973,-60572,2000-11-16,1427,Terra,55
-33.7513,-61.9657,2000-11-16,1427,Terra,25
-34.0625,-60.1047,2000-11-16,1427,Terra,57
-34.0696,-60.1008,2000-11-16,1427,Terra,58
-34252,-59.4741,2000-11-16,1427,Terra,52
-34.1955,-60.7345,2000-11-16,1427,Terra,39
-34462,-58.9168,2000-11-16,1427,Terra,28
-34.4635,-58.9042,2000-11-16,1427,Terra,20
-34.2992,-60.2499,2000-11-16,1427,Terra,51
-34.2671,-60.5549,2000-11-16,1427,Terra,25
-34.6104,-58.9551,2000-11-16,1427,Terra,47
-34652,-59.4361,2000-11-16,1427,Terra,58
-34.6535,-59424,2000-11-16,1427,Terra,65
-34.6368,-60.4673,2000-11-16,1427,Terra,31
-34.4955,-61.5404,2000-11-16,1427,Terra,44
-34646,-60.4691,2000-11-16,1427,Terra,67
-34.5957,-60.9582,2000-11-16,1427,Terra,59
-34.5973,-60.9471,2000-11-16,1427,Terra,70
-35.0601,-58.7561,2000-11-16,1427,Terra,32
-34.9037,-60.0307,2000-11-16,1427,Terra,34
-34.9052,-60019,2000-11-16,1427,Terra,71
-34.9067,-60.0073,2000-11-16,1427,Terra,28
-35.1732,-58.2307,2000-11-16,1427,Terra,56
-34766,-61.8915,2000-11-16,1427,Terra,39
-35.1817,-59.0927,2000-11-16,1427,Terra,56
-34865,-61.5296,2000-11-16,1427,Terra,53
-35.1914,-59.0944,2000-11-16,1427,Terra,43
-35.1179,-60.4931,2000-11-16,1427,Terra,34
-35.1194,-60.4817,2000-11-16,1427,Terra,52
-35.5744,-58.0027,2000-11-16,1427,Terra,0
-35429,-60.1735,2000-11-16,1427,Terra,49
-35.4355,-60.1687,2000-11-16,1427,Terra,50
-35.4415,-60885,2000-11-16,1427,Terra,39
-35.4506,-60.8868,2000-11-16,1427,Terra,59
-35.6356,-59.7718,2000-11-16,1427,Terra,51
-35.6246,-61.3615,2000-11-16,1427,Terra,65
-35.4891,-62.9693,2000-11-16,1428,Terra,42
-35.8144,-61.8998,2000-11-16,1428,Terra,40
-36.2366,-61113,2000-11-16,1428,Terra,36
-36.7768,-59.0853,2000-11-16,1428,Terra,61
-36.7844,-59.8645,2000-11-16,1428,Terra,51
-37.8442,-58.2566,2000-11-16,1428,Terra,25
-37.5468,-60.7988,2000-11-16,1428,Terra,49
-37.6762,-59.8058,2000-11-16,1428,Terra,57
-38.0013,-58.4826,2000-11-16,1428,Terra,83
-38003,-58.4674,2000-11-16,1428,Terra,92
-38009,-58.4742,2000-11-16,1428,Terra,93
-38.0106,-58459,2000-11-16,1428,Terra,63
-37.9854,-61.3544,2000-11-16,1428,Terra,56
-38.4488,-59.3556,2000-11-16,1428,Terra,65
-38.4505,-59.3416,2000-11-16,1428,Terra,41
-38.3794,-60.2807,2000-11-16,1428,Terra,38
-38381,-60.2678,2000-11-16,1428,Terra,16
-26127,-54.1902,2000-11-17,232,Terra,38
-26.1284,-54.2003,2000-11-17,232,Terra,72
-24.2738,-63662,2000-11-17,233,Terra,98
-24.2811,-63.6683,2000-11-17,233,Terra,77
-32.9447,-66.2018,2000-11-17,409,Terra,100
-32.9518,-66.2326,2000-11-17,409,Terra,98
-26.1152,-54.4492,2000-11-17,1330,Terra,79
-26121,-54.4215,2000-11-17,1330,Terra,82
-26.1294,-54.4531,2000-11-17,1330,Terra,63
-26.1353,-54425,2000-11-17,1330,Terra,68
-33.5954,-59.8547,2000-11-17,1332,Terra,64
-33.5971,-59.8631,2000-11-17,1332,Terra,68
-22.1755,-63.3376,2000-11-17,1507,Terra,64
-22.7164,-63.6092,2000-11-17,1507,Terra,86
-22.7184,-63.5907,2000-11-17,1507,Terra,90
-24.2679,-63.6524,2000-11-17,1507,Terra,25
-24.2802,-63.6539,2000-11-17,1507,Terra,43
-24.6696,-60.6946,2000-11-17,1507,Terra,53
-24.6785,-63946,2000-11-17,1507,Terra,50
-26.0344,-64356,2000-11-17,1508,Terra,65
-26.1156,-64.4472,2000-11-17,1508,Terra,78
-26.1206,-64.4542,2000-11-17,1508,Terra,72
-26.1513,-64.6241,2000-11-17,1508,Terra,37
-26183,-64.6644,2000-11-17,1508,Terra,100
-26.1849,-64.6462,2000-11-17,1508,Terra,100
-26.1894,-64.6712,2000-11-17,1508,Terra,89
-26.1912,-64653,2000-11-17,1508,Terra,97
-26.7699,-65.0116,2000-11-17,1508,Terra,54
-27.8461,-61597,2000-11-17,1508,Terra,51
-28.4528,-60.5065,2000-11-17,1508,Terra,63
-28.4595,-60514,2000-11-17,1508,Terra,49
-28.0771,-65.2004,2000-11-17,1508,Terra,72
-28.7899,-65.7758,2000-11-17,1509,Terra,78
-29.2884,-61.1187,2000-11-17,1509,Terra,64
-29638,-65.2618,2000-11-17,1509,Terra,71
-29.6499,-65.2633,2000-11-17,1509,Terra,81
-29.6518,-65.2446,2000-11-17,1509,Terra,50
-29.9051,-62.6342,2000-11-17,1509,Terra,42
-29.9074,-62.6414,2000-11-17,1509,Terra,42
-30.0626,-61.3474,2000-11-17,1509,Terra,58
-31.9391,-65.5798,2000-11-17,1510,Terra,64
-32.6156,-65388,2000-11-17,1510,Terra,88
-32.9229,-66.2094,2000-11-17,1510,Terra,97
-32.9248,-66.1901,2000-11-17,1510,Terra,100
-32.9343,-66213,2000-11-17,1510,Terra,90
-32.9363,-66.1934,2000-11-17,1510,Terra,87
-32.9319,-66.1984,2000-11-17,1510,Terra,100
-32.9552,-66.2018,2000-11-17,1510,Terra,55
-34.8861,-66.1407,2000-11-17,1510,Terra,77
-34888,-66.1204,2000-11-17,1510,Terra,60
-38.7588,-64.3212,2000-11-18,312,Terra,44
-38.7604,-64.3352,2000-11-18,312,Terra,100
-35.4169,-65.9379,2000-11-18,313,Terra,60
-35.4066,-65.9396,2000-11-18,313,Terra,82
-35.3962,-65.9413,2000-11-18,313,Terra,97
-33368,-60.1544,2000-11-18,313,Terra,30
-33.2535,-60.2894,2000-11-18,313,Terra,44
-32.7028,-63.4279,2000-11-18,314,Terra,79
-32.9653,-66.2006,2000-11-18,314,Terra,100
-32.9499,-66.2468,2000-11-18,314,Terra,86
-32.9334,-66.1923,2000-11-18,314,Terra,44
-32.9398,-66249,2000-11-18,314,Terra,34
-29.9604,-62.8049,2000-11-18,314,Terra,100
-29.0598,-62.2533,2000-11-18,315,Terra,38
-28.6656,-61.8563,2000-11-18,315,Terra,99
-28.6673,-61.8671,2000-11-18,315,Terra,100
-26.1167,-54.3798,2000-11-18,315,Terra,43
-27.3157,-60.8033,2000-11-18,315,Terra,65
-26.1893,-64.6569,2000-11-18,315,Terra,60
-26.1803,-64.6585,2000-11-18,315,Terra,92
-26.1059,-64.4563,2000-11-18,315,Terra,51
-26.1073,-64.4663,2000-11-18,315,Terra,38
-26.0983,-64.4678,2000-11-18,315,Terra,100
-26.0997,-64.4778,2000-11-18,315,Terra,100
-26.0892,-64465,2000-11-18,315,Terra,100
-26.0906,-64475,2000-11-18,315,Terra,100
-26.0363,-64.3517,2000-11-18,315,Terra,50
-24.6626,-60.7014,2000-11-18,316,Terra,40
-25.2023,-64.5633,2000-11-18,316,Terra,80
-24.61,-64.0862,2000-11-18,316,Terra,83
-24.2705,-63.6542,2000-11-18,316,Terra,51
-24.2972,-65.2503,2000-11-18,316,Terra,82
-24.2985,-65.2601,2000-11-18,316,Terra,100
-24.67,-60.7125,2000-11-18,1412,Terra,88
-24.6726,-60.6981,2000-11-18,1412,Terra,100
-24.2749,-63.6472,2000-11-18,1412,Terra,78
-26.1047,-54373,2000-11-18,1412,Terra,76
-26.1061,-54.3621,2000-11-18,1412,Terra,54
-26.1141,-54.3745,2000-11-18,1412,Terra,100
-26.1156,-54.3635,2000-11-18,1412,Terra,100
-26125,-54365,2000-11-18,1412,Terra,37
-26.1819,-54.2271,2000-11-18,1412,Terra,34
-26.2931,-54.0786,2000-11-18,1412,Terra,52
-24.4371,-65.0383,2000-11-18,1412,Terra,33
-25.2117,-64.5562,2000-11-18,1413,Terra,49
-26356,-61.1806,2000-11-18,1413,Terra,32
-26.0982,-64.4714,2000-11-18,1413,Terra,54
-26.1166,-64.4505,2000-11-18,1413,Terra,68
-27.9196,-58.6668,2000-11-18,1413,Terra,59
-28.3073,-56586,2000-11-18,1413,Terra,64
-28.3173,-58.1826,2000-11-18,1413,Terra,73
-28319,-58.1722,2000-11-18,1413,Terra,78
-28.2845,-58.7936,2000-11-18,1413,Terra,64
-28.6968,-58.1744,2000-11-18,1413,Terra,57
-28.8379,-57.2395,2000-11-18,1413,Terra,38
-28.2562,-61.3059,2000-11-18,1413,Terra,70
-28.2587,-61.2919,2000-11-18,1413,Terra,82
-28.6731,-60985,2000-11-18,1413,Terra,73
-28.7392,-61.0753,2000-11-18,1413,Terra,77
-29.0675,-62.2492,2000-11-18,1414,Terra,89
-29.0681,-62.2553,2000-11-18,1414,Terra,85
-29.0711,-62.2398,2000-11-18,1414,Terra,19
-29.2572,-61.2869,2000-11-18,1414,Terra,58
-28.6831,-65.9532,2000-11-18,1414,Terra,57
-29.7635,-62.6891,2000-11-18,1414,Terra,87
-30.7803,-59.1283,2000-11-18,1414,Terra,20
-30.7894,-59.1302,2000-11-18,1414,Terra,61
-31.0019,-57.9796,2000-11-18,1414,Terra,68
-29.8065,-65.2276,2000-11-18,1414,Terra,71
-29.8153,-65.2357,2000-11-18,1414,Terra,68
-29.8283,-65.2392,2000-11-18,1414,Terra,75
-31001,-59.3624,2000-11-18,1414,Terra,50
-31.2579,-58178,2000-11-18,1414,Terra,71
-31.0595,-60.4359,2000-11-18,1414,Terra,26
-31.0614,-60424,2000-11-18,1414,Terra,28
-30.6067,-64.2187,2000-11-18,1414,Terra,43
-31.9379,-65.5855,2000-11-18,1414,Terra,55
-32.9066,-60.3841,2000-11-18,1414,Terra,83
-33.8411,-59253,2000-11-18,1415,Terra,69
-33.8427,-59.2421,2000-11-18,1415,Terra,71
-32.2501,-68.2289,2000-11-18,1415,Terra,90
-32932,-66.1837,2000-11-18,1415,Terra,90
-32.9451,-66.1864,2000-11-18,1415,Terra,80
-32.9581,-66.1893,2000-11-18,1415,Terra,40
-32.9285,-66.1893,2000-11-18,1415,Terra,43
-32.9418,-66191,2000-11-18,1415,Terra,42
-32.9676,-66.1982,2000-11-18,1415,Terra,64
-34.6532,-59.4299,2000-11-18,1415,Terra,46
-35058,-58.7569,2000-11-18,1415,Terra,52
-34.8953,-60.0175,2000-11-18,1415,Terra,36
-35.1699,-58.2368,2000-11-18,1415,Terra,61
-35.5692,-58011,2000-11-18,1415,Terra,0
-34.2505,-66.6969,2000-11-18,1415,Terra,80
-34.2556,-66.6726,2000-11-18,1415,Terra,61
-34.2464,-66.7027,2000-11-18,1415,Terra,62
-34.2517,-66.6785,2000-11-18,1415,Terra,78
-35.4485,-60883,2000-11-18,1415,Terra,52
-36.5393,-56.6962,2000-11-18,1415,Terra,0
-36.3975,-60.1444,2000-11-18,1415,Terra,64
-35.4063,-65.9449,2000-11-18,1415,Terra,87
-35.4095,-65.9518,2000-11-18,1415,Terra,68
-35.4139,-65.9312,2000-11-18,1415,Terra,79
-36.8633,-57.8784,2000-11-18,1415,Terra,62
-36.7774,-59.0862,2000-11-18,1415,Terra,59
-36.8681,-59.4078,2000-11-18,1415,Terra,50
-37.1568,-58.4869,2000-11-18,1416,Terra,61
-28.2862,-57.3878,2000-11-19,219,Terra,25
-28.2913,-57.3938,2000-11-19,219,Terra,48
-26.9063,-54.7984,2000-11-19,220,Terra,91
-26119,-54.3705,2000-11-19,220,Terra,43
-34.2323,-66.6874,2000-11-19,356,Terra,37
-34.2359,-66.7057,2000-11-19,356,Terra,100
-32.2418,-68.2451,2000-11-19,357,Terra,100
-22.6748,-63627,2000-11-19,1455,Terra,32
-22.7261,-64.1099,2000-11-19,1455,Terra,52
-22.7129,-65.1073,2000-11-19,1455,Terra,57
-22.9763,-63.7428,2000-11-19,1455,Terra,100
-22.9778,-63.7312,2000-11-19,1455,Terra,100
-22.9846,-63.7558,2000-11-19,1455,Terra,100
-22.9861,-63.7442,2000-11-19,1455,Terra,100
-22.9944,-63.7572,2000-11-19,1455,Terra,94
-22.9959,-63.7456,2000-11-19,1455,Terra,98
-23.5369,-64.2165,2000-11-19,1455,Terra,32
-24.4508,-60.7889,2000-11-19,1455,Terra,69
-24.1147,-63.9007,2000-11-19,1455,Terra,56
-24.6705,-60.6984,2000-11-19,1455,Terra,63
-24.2996,-65.26,2000-11-19,1455,Terra,95
-24.3025,-65.2391,2000-11-19,1455,Terra,30
-24.3069,-65.2565,2000-11-19,1455,Terra,91
-24.3083,-65246,2000-11-19,1455,Terra,62
-25.2001,-64.5568,2000-11-19,1455,Terra,32
-26.0196,-61.5196,2000-11-19,1455,Terra,58
-26.0295,-61.5389,2000-11-19,1455,Terra,43
-26.3617,-61.4958,2000-11-19,1456,Terra,43
-26101,-64.5198,2000-11-19,1456,Terra,44
-26.11,-64449,2000-11-19,1456,Terra,80
-26.1198,-64.4504,2000-11-19,1456,Terra,83
-26059,-65.3258,2000-11-19,1456,Terra,80
-27.0105,-65.1285,2000-11-19,1456,Terra,62
-27.1232,-65.5239,2000-11-19,1456,Terra,57
-27.2498,-65.2538,2000-11-19,1456,Terra,22
-28289,-57.3918,2000-11-19,1456,Terra,57
-28.3053,-57.3931,2000-11-19,1456,Terra,31
-28.2955,-57399,2000-11-19,1456,Terra,55
-27637,-65.4668,2000-11-19,1456,Terra,70
-27.79,-64.2583,2000-11-19,1456,Terra,30
-28.1044,-61678,2000-11-19,1456,Terra,24
-28.1064,-61.6591,2000-11-19,1456,Terra,79
-28.1165,-61.6795,2000-11-19,1456,Terra,27
-28.1089,-61.6852,2000-11-19,1456,Terra,65
-28.1107,-61.6663,2000-11-19,1456,Terra,81
-28.1209,-61.6867,2000-11-19,1456,Terra,46
-28.3248,-60512,2000-11-19,1456,Terra,51
-28.3217,-60.5174,2000-11-19,1456,Terra,51
-28.4959,-60.3308,2000-11-19,1456,Terra,73
-28.4914,-60.3357,2000-11-19,1456,Terra,36
-28.1262,-64.5795,2000-11-19,1456,Terra,47
-28.6255,-60.5936,2000-11-19,1456,Terra,71
-28.3263,-65.6527,2000-11-19,1456,Terra,35
-28.3278,-65.6412,2000-11-19,1456,Terra,44
-28339,-65.9194,2000-11-19,1456,Terra,71
-28.3406,-65.9079,2000-11-19,1456,Terra,59
-28.3453,-65.9156,2000-11-19,1456,Terra,65
-28.4738,-65.7795,2000-11-19,1456,Terra,37
-29.3592,-61.0438,2000-11-19,1456,Terra,71
-29.3582,-61.0494,2000-11-19,1456,Terra,66
-29.5231,-62.0554,2000-11-19,1456,Terra,53
-29.7229,-63.3199,2000-11-19,1457,Terra,53
-29.6416,-65.2279,2000-11-19,1457,Terra,76
-29.6514,-65.2294,2000-11-19,1457,Terra,51
-29.9383,-62.7952,2000-11-19,1457,Terra,77
-29.94,-62778,2000-11-19,1457,Terra,58
-29.9694,-62.9369,2000-11-19,1457,Terra,61
-29.9677,-62.9433,2000-11-19,1457,Terra,59
-31.6382,-68.4143,2000-11-19,1457,Terra,68
-34.2259,-66.6891,2000-11-19,1458,Terra,94
-34.2275,-66.6767,2000-11-19,1458,Terra,79
-34.2356,-66.6908,2000-11-19,1458,Terra,83
-34.9809,-67.6845,2000-11-19,1458,Terra,23
-34.9857,-67.6914,2000-11-19,1458,Terra,36
-35.3151,-66.6683,2000-11-19,1458,Terra,46
-35.5721,-66.2077,2000-11-19,1458,Terra,50
-36.0703,-66.1094,2000-11-19,1458,Terra,94
-36.0719,-66.0953,2000-11-19,1458,Terra,93
-36.0804,-66.1111,2000-11-19,1458,Terra,95
-36.0821,-66.0969,2000-11-19,1458,Terra,73
-36.0905,-66.1128,2000-11-19,1458,Terra,100
-36.0922,-66.0986,2000-11-19,1458,Terra,100
-36.0882,-66.1183,2000-11-19,1458,Terra,97
-36.0898,-66.1041,2000-11-19,1458,Terra,100
-36.0984,-66.12,2000-11-19,1458,Terra,70
-38.3537,-70.2693,2000-11-19,1459,Terra,54
-36.1773,-66.1097,2000-11-20,300,Terra,100
-36.1792,-66.1335,2000-11-20,300,Terra,100
-36181,-66.1574,2000-11-20,300,Terra,38
-36.1626,-66.0875,2000-11-20,300,Terra,30
-36.1644,-66.1112,2000-11-20,300,Terra,100
-36.1663,-66.1351,2000-11-20,300,Terra,100
-36.1681,-66159,2000-11-20,300,Terra,47
-36.1498,-66089,2000-11-20,300,Terra,100
-36.1516,-66.1128,2000-11-20,300,Terra,100
-36.1534,-66.1366,2000-11-20,300,Terra,97
-36.1786,-66.1161,2000-11-20,300,Terra,100
-36.1805,-66.14,2000-11-20,300,Terra,100
-36.1637,-66.0939,2000-11-20,300,Terra,84
-36.1657,-66.1176,2000-11-20,300,Terra,100
-36.1676,-66.1415,2000-11-20,300,Terra,100
-36.1509,-66.0954,2000-11-20,300,Terra,100
-36.1528,-66.1191,2000-11-20,300,Terra,100
-36.1548,-66143,2000-11-20,300,Terra,100
-36.1361,-66.0733,2000-11-20,300,Terra,81
-36138,-66.0969,2000-11-20,300,Terra,100
-35.3234,-66.7127,2000-11-20,301,Terra,100
-35.3101,-66.7142,2000-11-20,301,Terra,83
-35.3273,-66719,2000-11-20,301,Terra,60
-35.3141,-66.7204,2000-11-20,301,Terra,80
-35.3008,-66.7219,2000-11-20,301,Terra,46
-35.0058,-65.8045,2000-11-20,301,Terra,100
-34.9916,-65.7844,2000-11-20,301,Terra,100
-34.9774,-65.7645,2000-11-20,301,Terra,99
-34.9792,-65786,2000-11-20,301,Terra,100
-34.9753,-65.7702,2000-11-20,301,Terra,100
-34.9772,-65.7917,2000-11-20,301,Terra,83
-33.3736,-60158,2000-11-20,301,Terra,44
-28569,-60.3425,2000-11-20,302,Terra,68
-28.5705,-60.3527,2000-11-20,302,Terra,86
-28.3325,-62.1689,2000-11-20,302,Terra,75
-28.3339,-62.1797,2000-11-20,302,Terra,51
-28.3218,-62.1597,2000-11-20,302,Terra,46
-24676,-60.7008,2000-11-20,303,Terra,77
-23.7004,-61.2663,2000-11-20,304,Terra,93
-23.7018,-61.2761,2000-11-20,304,Terra,57
-23.6885,-61.2482,2000-11-20,304,Terra,40
-23.6781,-61.24,2000-11-20,304,Terra,74
-23.6795,-61.2498,2000-11-20,304,Terra,37
-22.9867,-63.7412,2000-11-20,304,Terra,100
-22.9881,-63.7517,2000-11-20,304,Terra,100
-22.9773,-63.7426,2000-11-20,304,Terra,100
-22.9787,-63.7531,2000-11-20,304,Terra,87
-22.7219,-64.1134,2000-11-20,304,Terra,81
-26.3295,-54.5993,2000-11-20,1400,Terra,92
-26927,-54.7873,2000-11-20,1400,Terra,100
-32.9568,-66.1627,2000-11-20,1403,Terra,46
-34.6499,-59.4321,2000-11-20,1403,Terra,48
-34932,-65.8788,2000-11-20,1403,Terra,68
-34.9904,-65.7616,2000-11-20,1403,Terra,83
-35.0048,-65.7666,2000-11-20,1403,Terra,60
-34.9897,-65.7673,2000-11-20,1403,Terra,82
-35.3137,-66.7126,2000-11-20,1403,Terra,87
-35.3222,-66.6772,2000-11-20,1403,Terra,48
-35.3306,-66.6421,2000-11-20,1403,Terra,55
-35.3372,-66.6827,2000-11-20,1403,Terra,97
-35.3456,-66.6475,2000-11-20,1403,Terra,98
-35.3523,-66.6881,2000-11-20,1403,Terra,100
-35.3606,-66653,2000-11-20,1403,Terra,100
-35.3673,-66.6936,2000-11-20,1403,Terra,90
-35.3756,-66.6584,2000-11-20,1403,Terra,98
-35.3324,-66.6868,2000-11-20,1403,Terra,43
-35341,-66.6516,2000-11-20,1403,Terra,45
-35.3474,-66.6922,2000-11-20,1403,Terra,100
-35356,-66.6571,2000-11-20,1403,Terra,94
-35.3624,-66.6976,2000-11-20,1403,Terra,89
-35371,-66.6625,2000-11-20,1403,Terra,94
-35.3859,-66.6679,2000-11-20,1403,Terra,74
-35.4257,-66.6896,2000-11-20,1403,Terra,77
-36.2001,-66.1435,2000-11-20,1403,Terra,61
-36.2001,-66.1495,2000-11-20,1403,Terra,68
-37.9218,-58.2912,2000-11-20,1403,Terra,19
-36.3307,-66.1918,2000-11-21,343,Terra,100
-36.3329,-66.2047,2000-11-21,343,Terra,100
-36.3102,-66.1301,2000-11-21,343,Terra,27
-36.3124,-66143,2000-11-21,343,Terra,24
-36.3189,-66.1815,2000-11-21,343,Terra,0
-36.3211,-66.1944,2000-11-21,343,Terra,100
-36.3233,-66.2072,2000-11-21,343,Terra,93
-36.3103,-66.2029,2000-11-21,343,Terra,0
-36.3124,-66.2157,2000-11-21,343,Terra,15
-36.3007,-66.2054,2000-11-21,343,Terra,100
-36.3028,-66.2183,2000-11-21,343,Terra,39
-36.2728,-66.1591,2000-11-21,343,Terra,5
-36275,-66172,2000-11-21,343,Terra,100
-36.2654,-66.1745,2000-11-21,343,Terra,100
-36.2675,-66.1873,2000-11-21,343,Terra,100
-36.2536,-66.1641,2000-11-21,343,Terra,35
-36.2558,-66177,2000-11-21,343,Terra,67
-36.1681,-66.2065,2000-11-21,343,Terra,100
-36.1703,-66.2194,2000-11-21,343,Terra,100
-36.1585,-66.2091,2000-11-21,343,Terra,73
-35.4619,-66785,2000-11-21,343,Terra,53
-35.4401,-66713,2000-11-21,343,Terra,58
-35.4421,-66.7254,2000-11-21,343,Terra,65
-35.4442,-66.7378,2000-11-21,343,Terra,99
-35.4462,-66.7502,2000-11-21,343,Terra,59
-35.4148,-66.6804,2000-11-21,344,Terra,51
-35.4053,-66.6828,2000-11-21,344,Terra,41
-35.38,-66.6502,2000-11-21,344,Terra,55
-35.3199,-66.6064,2000-11-21,344,Terra,46
-35322,-66619,2000-11-21,344,Terra,100
-35.3241,-66.6315,2000-11-21,344,Terra,100
-35.3261,-66.6441,2000-11-21,344,Terra,100
-35.3145,-66634,2000-11-21,344,Terra,94
-35.3166,-66.6465,2000-11-21,344,Terra,77
-33.4931,-69.1199,2000-11-21,344,Terra,69
-33.0576,-68.9747,2000-11-21,344,Terra,100
-22.7591,-63.6711,2000-11-21,347,Terra,29
-22.7722,-63.6559,2000-11-21,1442,Terra,67
-22.8586,-63.7561,2000-11-21,1442,Terra,83
-23.4067,-64.3356,2000-11-21,1443,Terra,67
-23.3894,-65.1028,2000-11-21,1443,Terra,81
-25.3286,-64.6648,2000-11-21,1443,Terra,27
-25.95,-62.0917,2000-11-21,1443,Terra,67
-25.9515,-62.0807,2000-11-21,1443,Terra,40
-25.6143,-64.8481,2000-11-21,1443,Terra,61
-26.9211,-54.7792,2000-11-21,1443,Terra,25
-25.8481,-65.6026,2000-11-21,1443,Terra,83
-25.8497,-65.5928,2000-11-21,1443,Terra,74
-26.7858,-60.4357,2000-11-21,1443,Terra,35
-27.3262,-55334,2000-11-21,1443,Terra,68
-27.3412,-55.3353,2000-11-21,1443,Terra,37
-27.3396,-55.3417,2000-11-21,1443,Terra,48
-27439,-57.6833,2000-11-21,1443,Terra,46
-27.4409,-57.6676,2000-11-21,1443,Terra,68
-27.3939,-61.5402,2000-11-21,1444,Terra,24
-27.4949,-61.6237,2000-11-21,1444,Terra,32
-27.5879,-65.3783,2000-11-21,1444,Terra,64
-28.2558,-61.3851,2000-11-21,1444,Terra,63
-28.3081,-61.2094,2000-11-21,1444,Terra,42
-28.5108,-60.6876,2000-11-21,1444,Terra,36
-27968,-65.8413,2000-11-21,1444,Terra,64
-28.1547,-65.4705,2000-11-21,1444,Terra,18
-29.2087,-62.6184,2000-11-21,1444,Terra,77
-29.3877,-61432,2000-11-21,1444,Terra,51
-29.5024,-61.5686,2000-11-21,1444,Terra,60
-29.7226,-61.4262,2000-11-21,1444,Terra,47
-29.8834,-61.9457,2000-11-21,1444,Terra,47
-30.1282,-61.2622,2000-11-21,1444,Terra,36
-30.1385,-61.2638,2000-11-21,1444,Terra,76
-30.1344,-61269,2000-11-21,1444,Terra,78
-30136,-61.2551,2000-11-21,1444,Terra,67
-30.1353,-61.3533,2000-11-21,1444,Terra,62
-30.1369,-61.3396,2000-11-21,1444,Terra,81
-30.1456,-61.3549,2000-11-21,1444,Terra,73
-30.1472,-61.3411,2000-11-21,1444,Terra,96
-30.4116,-58.9356,2000-11-21,1444,Terra,71
-30.5631,-58.1335,2000-11-21,1444,Terra,48
-30.9428,-61559,2000-11-21,1445,Terra,50
-31.2551,-61.4968,2000-11-21,1445,Terra,31
-31.2567,-61.4827,2000-11-21,1445,Terra,31
-31.4295,-62.0827,2000-11-21,1445,Terra,26
-32.4149,-63.2429,2000-11-21,1445,Terra,37
-33.2599,-60288,2000-11-21,1445,Terra,0
-32875,-66.2404,2000-11-21,1445,Terra,62
-33.5243,-69.1488,2000-11-21,1445,Terra,65
-35.0326,-63.0098,2000-11-21,1446,Terra,39
-35.4476,-60.8846,2000-11-21,1446,Terra,53
-34.9791,-65.7484,2000-11-21,1446,Terra,62
-34.9806,-65.7373,2000-11-21,1446,Terra,76
-35.8112,-61.8932,2000-11-21,1446,Terra,51
-35.6643,-63.7495,2000-11-21,1446,Terra,29
-35367,-66.7667,2000-11-21,1446,Terra,66
-35.3687,-66.7557,2000-11-21,1446,Terra,91
-35.3703,-66.7447,2000-11-21,1446,Terra,98
-35.3719,-66.7337,2000-11-21,1446,Terra,90
-35376,-66.7638,2000-11-21,1446,Terra,100
-35.3776,-66.7529,2000-11-21,1446,Terra,96
-35.3792,-66.7419,2000-11-21,1446,Terra,88
-35.3808,-66.7309,2000-11-21,1446,Terra,87
-35.3833,-66.7767,2000-11-21,1446,Terra,69
-35.3849,-66.7658,2000-11-21,1446,Terra,83
-35.3882,-66.7438,2000-11-21,1446,Terra,94
-35.3995,-66667,2000-11-21,1446,Terra,67
-35.3923,-66.7787,2000-11-21,1446,Terra,94
-35.3939,-66.7677,2000-11-21,1446,Terra,100
-35.3956,-66.7567,2000-11-21,1446,Terra,100
-35.3972,-66.7458,2000-11-21,1446,Terra,96
-35.4085,-66.6689,2000-11-21,1446,Terra,64
-35.3981,-66.8026,2000-11-21,1446,Terra,94
-35.3997,-66.7916,2000-11-21,1446,Terra,100
-35.4013,-66.7806,2000-11-21,1446,Terra,89
-35.4029,-66.7697,2000-11-21,1446,Terra,51
-35.4046,-66.7587,2000-11-21,1446,Terra,44
-35.4175,-66.6708,2000-11-21,1446,Terra,73
-35.4071,-66.8045,2000-11-21,1446,Terra,98
-35.4087,-66.7936,2000-11-21,1446,Terra,100
-35.4103,-66.7826,2000-11-21,1446,Terra,95
-35.4119,-66.7716,2000-11-21,1446,Terra,94
-35.4152,-66.7496,2000-11-21,1446,Terra,94
-35.4209,-66.7735,2000-11-21,1446,Terra,87
-35.4226,-66.7626,2000-11-21,1446,Terra,88
-35.4242,-66.7516,2000-11-21,1446,Terra,81
-35.4495,-66.7684,2000-11-21,1446,Terra,46
-36.1633,-66.2222,2000-11-21,1446,Terra,55
-36.2005,-66.2135,2000-11-21,1446,Terra,70
-36.2021,-66.2023,2000-11-21,1446,Terra,78
-36315,-66.1857,2000-11-21,1446,Terra,81
-36.3225,-66.1988,2000-11-21,1446,Terra,92
-36.3316,-66.2007,2000-11-21,1446,Terra,69
-35.4293,-66.6795,2000-11-22,248,Terra,64
-33.3736,-60.1595,2000-11-22,249,Terra,85
-33.2545,-60.2865,2000-11-22,249,Terra,55
-28.5868,-62.0503,2000-11-22,250,Terra,28
-26.9595,-54.7755,2000-11-22,250,Terra,29
-26.9299,-54.7874,2000-11-22,250,Terra,25
-26.9006,-54.7936,2000-11-22,250,Terra,25
-26.8908,-54.7957,2000-11-22,250,Terra,54
-24.2712,-63.6558,2000-11-22,251,Terra,85
-24273,-63672,2000-11-22,251,Terra,90
-22.7699,-63.6617,2000-11-22,252,Terra,93
-22.7684,-63.6529,2000-11-22,252,Terra,66
-22.7702,-63668,2000-11-22,252,Terra,76
-35431,-66.6627,2000-11-22,426,Terra,100
-35.4342,-66.6659,2000-11-22,426,Terra,100
-26.9161,-54.7948,2000-11-22,1348,Terra,99
-26.9321,-54.8273,2000-11-22,1348,Terra,75
-27326,-55.3376,2000-11-22,1348,Terra,84
-28.2401,-56.2277,2000-11-22,1348,Terra,61
-28.2513,-56.2303,2000-11-22,1348,Terra,70
-29359,-57.1085,2000-11-22,1349,Terra,61
-29.3624,-57.0907,2000-11-22,1349,Terra,53
-28.7234,-61023,2000-11-22,1349,Terra,64
-28.7184,-61.0273,2000-11-22,1349,Terra,64
-22183,-63.5128,2000-11-22,1525,Terra,51
-22.1863,-63.5181,2000-11-22,1525,Terra,30
-22.7139,-63.5934,2000-11-22,1525,Terra,33
-22.7171,-63.5989,2000-11-22,1525,Terra,45
-22.9697,-63753,2000-11-22,1525,Terra,98
-22973,-63.7131,2000-11-22,1525,Terra,82
-22.9866,-63.7545,2000-11-22,1525,Terra,96
-22.9899,-63.7145,2000-11-22,1525,Terra,86
-22.9734,-63.7606,2000-11-22,1525,Terra,100
-22.9764,-63.7207,2000-11-22,1525,Terra,97
-22.9903,-63.7622,2000-11-22,1525,Terra,44
-22.9934,-63.7222,2000-11-22,1525,Terra,72
-23.04,-64.3739,2000-11-22,1525,Terra,54
-23.0313,-64.3786,2000-11-22,1525,Terra,51
-23.4062,-64.1776,2000-11-22,1525,Terra,28
-25.3326,-64.6675,2000-11-22,1526,Terra,57
-26.9162,-54819,2000-11-23,155,Terra,9
-26.8928,-54.7835,2000-11-23,155,Terra,63
-26.8891,-54.7909,2000-11-23,155,Terra,40
-32.8591,-66.2464,2000-11-23,332,Terra,10
-32.8521,-66.2536,2000-11-23,332,Terra,54
-28.5788,-61.9985,2000-11-23,333,Terra,50
-28.5823,-62017,2000-11-23,333,Terra,67
-28474,-63117,2000-11-23,333,Terra,100
-26.6555,-64.5489,2000-11-23,333,Terra,100
-26.6579,-64.5627,2000-11-23,333,Terra,100
-26.6451,-64.5512,2000-11-23,333,Terra,78
-26.6475,-64565,2000-11-23,333,Terra,84
-25.6192,-64.8717,2000-11-23,334,Terra,41
-25.6119,-64.8649,2000-11-23,334,Terra,57
-25.6142,-64.8786,2000-11-23,334,Terra,92
-24.27,-63.6542,2000-11-23,334,Terra,73
-24273,-63.6713,2000-11-23,334,Terra,75
-23.7052,-64.3779,2000-11-23,334,Terra,84
-23.6913,-64.3647,2000-11-23,334,Terra,85
-23694,-64.3802,2000-11-23,334,Terra,82
-23.6924,-64.3701,2000-11-23,334,Terra,100
-22.9784,-63.7349,2000-11-23,334,Terra,77
-22.9816,-63.7525,2000-11-23,334,Terra,100
-22.1743,-63.3411,2000-11-23,1430,Terra,61
-22.1762,-63.3293,2000-11-23,1430,Terra,38
-22.7069,-63.5925,2000-11-23,1430,Terra,100
-22.8819,-63.5892,2000-11-23,1430,Terra,51
-22.8655,-63.7491,2000-11-23,1430,Terra,88
-22.9698,-63.7381,2000-11-23,1430,Terra,96
-22.9719,-63.7259,2000-11-23,1430,Terra,65
-22.9778,-63.7523,2000-11-23,1430,Terra,99
-22.9798,-63.74,2000-11-23,1430,Terra,100
-22.9878,-63.7542,2000-11-23,1430,Terra,47
-22.9898,-63742,2000-11-23,1430,Terra,41
-22.9884,-63.7477,2000-11-23,1430,Terra,72
-23.4908,-64.2345,2000-11-23,1430,Terra,66
-23493,-64.2216,2000-11-23,1430,Terra,27
-23.6952,-64368,2000-11-23,1430,Terra,36
-23.7055,-64.37,2000-11-23,1430,Terra,16
-24.6111,-60.5549,2000-11-23,1430,Terra,60
-24.6201,-60.5564,2000-11-23,1430,Terra,44
-24.6737,-60.6931,2000-11-23,1430,Terra,57
-24268,-63.6466,2000-11-23,1430,Terra,28
-24.3051,-65.2481,2000-11-23,1431,Terra,88
-24.2964,-65253,2000-11-23,1431,Terra,71
-24.3071,-65.2552,2000-11-23,1431,Terra,46
-24.4511,-64.8116,2000-11-23,1431,Terra,53
-26.1921,-54.2145,2000-11-23,1431,Terra,52
-26.4569,-54.6816,2000-11-23,1431,Terra,62
-25292,-63.9125,2000-11-23,1431,Terra,56
-25.3292,-64.6658,2000-11-23,1431,Terra,89
-25.3359,-64.6738,2000-11-23,1431,Terra,67
-25.3381,-64661,2000-11-23,1431,Terra,63
-26.8997,-54.7872,2000-11-23,1431,Terra,77
-26.9641,-54.7747,2000-11-23,1431,Terra,78
-26.9658,-54.7805,2000-11-23,1431,Terra,79
-26.3446,-61.4091,2000-11-23,1431,Terra,27
-26.3341,-61.8494,2000-11-23,1431,Terra,46
-26.5367,-61.2304,2000-11-23,1431,Terra,28
-27.2653,-55.5373,2000-11-23,1431,Terra,61
-26.1033,-64458,2000-11-23,1431,Terra,67
-26102,-64.4644,2000-11-23,1431,Terra,38
-26.1141,-64.4542,2000-11-23,1431,Terra,63
-26.1262,-64.6239,2000-11-23,1431,Terra,82
-26.7892,-60.4352,2000-11-23,1431,Terra,50
-26.1823,-64.6548,2000-11-23,1431,Terra,95
-26.1845,-64.6423,2000-11-23,1431,Terra,97
-26.1945,-64.6444,2000-11-23,1431,Terra,42
-26556,-62.9063,2000-11-23,1431,Terra,75
-26.5577,-62.8957,2000-11-23,1431,Terra,68
-27.0859,-61.3763,2000-11-23,1431,Terra,65
-26652,-64.5532,2000-11-23,1431,Terra,37
-26.6619,-64.5553,2000-11-23,1431,Terra,67
-27.2861,-61.5798,2000-11-23,1431,Terra,53
-26.8122,-65.0589,2000-11-23,1431,Terra,61
-26.8144,-65.0459,2000-11-23,1431,Terra,81
-26.8391,-65.0243,2000-11-23,1431,Terra,100
-26.8413,-65.0113,2000-11-23,1431,Terra,83
-26.8363,-65.0298,2000-11-23,1431,Terra,89
-26.8385,-65.0168,2000-11-23,1431,Terra,96
-27.1913,-64.7045,2000-11-23,1431,Terra,38
-27.9115,-60.5506,2000-11-23,1431,Terra,50
-27.3459,-65.6525,2000-11-23,1431,Terra,76
-27.3483,-65.6387,2000-11-23,1431,Terra,51
-28.3805,-59.4586,2000-11-23,1431,Terra,69
-28.1104,-61.9184,2000-11-23,1431,Terra,0
-28.3273,-61318,2000-11-23,1431,Terra,56
-28.5762,-62.0054,2000-11-23,1432,Terra,92
-28.5777,-61.9952,2000-11-23,1432,Terra,76
-28.5852,-62.0071,2000-11-23,1432,Terra,82
-28.5867,-61.9969,2000-11-23,1432,Terra,59
-28.5866,-62.0598,2000-11-23,1432,Terra,92
-28.5881,-62.0496,2000-11-23,1432,Terra,94
-28.5912,-62.0292,2000-11-23,1432,Terra,74
-28.6334,-61.8067,2000-11-23,1432,Terra,59
-28.5997,-62.2784,2000-11-23,1432,Terra,56
-28.8778,-60.4024,2000-11-23,1432,Terra,55
-28.8793,-60.3917,2000-11-23,1432,Terra,66
-28.6311,-63.6847,2000-11-23,1432,Terra,70
-29.1907,-60.7314,2000-11-23,1432,Terra,87
-29.1921,-60.7209,2000-11-23,1432,Terra,88
-29.1936,-60.7103,2000-11-23,1432,Terra,79
-29.1998,-60733,2000-11-23,1432,Terra,86
-29.2013,-60.7225,2000-11-23,1432,Terra,87
-29.2027,-60.7119,2000-11-23,1432,Terra,74
-29.1433,-61.2048,2000-11-23,1432,Terra,68
-29209,-60.7346,2000-11-23,1432,Terra,100
-29.2104,-60.7241,2000-11-23,1432,Terra,100
-29.2119,-60.7135,2000-11-23,1432,Terra,98
-29.4195,-62.0939,2000-11-23,1432,Terra,73
-28.9144,-65.7421,2000-11-23,1432,Terra,67
-28.9167,-65.7286,2000-11-23,1432,Terra,38
-29.3905,-65.1261,2000-11-23,1432,Terra,33
-30.0505,-62.8619,2000-11-23,1432,Terra,74
-35.1322,-66446,2000-11-23,1433,Terra,88
-35.1344,-66.4334,2000-11-23,1433,Terra,96
-35.1396,-66461,2000-11-23,1433,Terra,47
-35.1418,-66.4484,2000-11-23,1433,Terra,100
-35144,-66.4358,2000-11-23,1433,Terra,100
-35.1461,-66.4233,2000-11-23,1433,Terra,67
-37.3941,-68723,2000-11-23,1434,Terra,55
-39.0424,-63.5538,2000-11-23,1434,Terra,78
-38.9377,-68.2061,2000-11-23,1435,Terra,67
-41.0781,-63.0617,2000-11-23,1435,Terra,28
-39.1387,-63.3413,2000-11-24,235,Terra,29
-39.1204,-63.2986,2000-11-24,235,Terra,46
-39.1222,-63.3423,2000-11-24,235,Terra,31
-26.3172,-54466,2000-11-24,238,Terra,92
-26.8747,-61.7766,2000-11-24,238,Terra,87
-26.8743,-61.7601,2000-11-24,238,Terra,54
-26.8764,-61.7819,2000-11-24,238,Terra,70
-25.4604,-63.8727,2000-11-24,239,Terra,16
-24.2733,-63.6697,2000-11-24,239,Terra,72
-23.4025,-64.1849,2000-11-24,239,Terra,100
-23.3878,-64.1864,2000-11-24,239,Terra,100
-23.3902,-64.2151,2000-11-24,239,Terra,30
-23.4022,-64.1917,2000-11-24,239,Terra,100
-23.3875,-64.1932,2000-11-24,239,Terra,100
-22.9728,-63.7308,2000-11-24,239,Terra,54
-22.9751,-63.7569,2000-11-24,239,Terra,21
-22969,-63.7379,2000-11-24,239,Terra,36
-35.1317,-66.4809,2000-11-24,414,Terra,77
-35.1367,-66.4844,2000-11-24,414,Terra,52
-35.0597,-66.4361,2000-11-24,414,Terra,74
-35.0682,-66.4713,2000-11-24,414,Terra,24
-35.0446,-66.4415,2000-11-24,414,Terra,100
-35.0532,-66.4768,2000-11-24,414,Terra,93
-35.0295,-66447,2000-11-24,414,Terra,76
-35.0381,-66.4822,2000-11-24,414,Terra,76
-35.0499,-66.4463,2000-11-24,414,Terra,100
-35.0582,-66.4816,2000-11-24,414,Terra,47
-35.0348,-66.4518,2000-11-24,414,Terra,100
-35.0432,-66.4871,2000-11-24,414,Terra,65
-35.0198,-66.4573,2000-11-24,414,Terra,100
-35.0282,-66.4926,2000-11-24,414,Terra,38
-34.9595,-66.4793,2000-11-24,414,Terra,66
-35.0115,-66.5419,2000-11-24,414,Terra,65
-34.9965,-66.5475,2000-11-24,414,Terra,60
-34965,-66.4825,2000-11-24,414,Terra,26
-34.9499,-66488,2000-11-24,414,Terra,100
-34.9215,-66.5748,2000-11-24,414,Terra,57
-34.9299,-66.6097,2000-11-24,414,Terra,17
-34.9149,-66.6152,2000-11-24,414,Terra,100
-34.9197,-66.6201,2000-11-24,414,Terra,47
-39.1228,-63.2253,2000-11-24,1340,Terra,64
-39.1278,-63.2351,2000-11-24,1340,Terra,74
-39.1536,-63.2988,2000-11-24,1340,Terra,57
-34.1172,-66.5055,2000-11-24,1516,Terra,100
-34.1192,-66.4824,2000-11-24,1516,Terra,93
-34.9062,-66.6262,2000-11-24,1516,Terra,87
-34.9082,-66.6025,2000-11-24,1516,Terra,79
-34.9192,-66.6277,2000-11-24,1516,Terra,93
-34.9212,-66604,2000-11-24,1516,Terra,46
-34.9442,-66.4856,2000-11-24,1516,Terra,72
-34.9463,-66.4614,2000-11-24,1516,Terra,77
-34.9306,-66.6345,2000-11-24,1516,Terra,90
-34.9324,-66.6108,2000-11-24,1516,Terra,64
-34.9418,-66.4908,2000-11-24,1516,Terra,63
-35124,-66.4937,2000-11-24,1516,Terra,96
-35135,-66.5195,2000-11-24,1516,Terra,78
-35.1371,-66.4951,2000-11-24,1516,Terra,69
-35.1502,-66.4966,2000-11-24,1516,Terra,82
-35.1213,-66499,2000-11-24,1516,Terra,63
-35.1474,-66502,2000-11-24,1516,Terra,84
-35.1605,-66.5035,2000-11-24,1516,Terra,94
-38.0248,-66.8983,2000-11-24,1517,Terra,26
-39125,-63.2264,2000-11-24,1517,Terra,20
-39.1297,-63.2315,2000-11-24,1517,Terra,66
-38.7455,-64.3101,2000-11-25,318,Terra,72
-35.1397,-66.5448,2000-11-25,319,Terra,22
-35.1269,-66.5203,2000-11-25,319,Terra,100
-34.9403,-66.4853,2000-11-25,319,Terra,65
-34.9365,-66.5389,2000-11-25,319,Terra,52
-34.9342,-66.6059,2000-11-25,319,Terra,36
-34.8998,-66.5784,2000-11-25,319,Terra,97
-34.9013,-66.5914,2000-11-25,319,Terra,100
-34.9029,-66.6045,2000-11-25,319,Terra,78
-34.9044,-66.6175,2000-11-25,319,Terra,51
-34.8885,-66.5671,2000-11-25,319,Terra,70
-33.3679,-60.1581,2000-11-25,319,Terra,16
-34.1367,-66.4715,2000-11-25,319,Terra,100
-34.1383,-66.4841,2000-11-25,319,Terra,100
-34.1398,-66.4967,2000-11-25,319,Terra,13
-34.1271,-66.4732,2000-11-25,319,Terra,100
-32703,-63.4257,2000-11-25,319,Terra,30
-32.8507,-66.2602,2000-11-25,320,Terra,34
-32.6401,-65408,2000-11-25,320,Terra,56
-24.3117,-63.9087,2000-11-25,322,Terra,100
-24.3134,-63.9197,2000-11-25,322,Terra,100
-24.3023,-63.9106,2000-11-25,322,Terra,100
-24304,-63.9215,2000-11-25,322,Terra,100
-24.3057,-63.9325,2000-11-25,322,Terra,47
-24.3091,-63.9255,2000-11-25,1418,Terra,65
-24.3126,-63.9066,2000-11-25,1418,Terra,72
-24.3151,-63914,2000-11-25,1418,Terra,66
-28084,-61.4756,2000-11-25,1419,Terra,34
-30.0421,-61.3836,2000-11-25,1420,Terra,77
-30.5638,-59.4892,2000-11-25,1420,Terra,24
-31.4482,-60.9286,2000-11-25,1420,Terra,49
-31865,-59026,2000-11-25,1420,Terra,50
-31.5926,-67.9014,2000-11-25,1420,Terra,59
-31.5986,-67.9086,2000-11-25,1420,Terra,45
-31.6036,-67.8856,2000-11-25,1420,Terra,51
-32.6133,-63.5944,2000-11-25,1420,Terra,57
-32.7592,-63.7579,2000-11-25,1420,Terra,90
-33.8109,-59501,2000-11-25,1421,Terra,66
-34.0643,-60.1008,2000-11-25,1421,Terra,42
-32.6267,-68.2968,2000-11-25,1421,Terra,65
-32.6322,-68.3044,2000-11-25,1421,Terra,45
-34.2467,-59.4735,2000-11-25,1421,Terra,54
-34.3507,-58788,2000-11-25,1421,Terra,37
-34.4668,-58.6774,2000-11-25,1421,Terra,48
-34.8776,-58.6812,2000-11-25,1421,Terra,45
-34.8957,-60.0161,2000-11-25,1421,Terra,30
-35.1672,-58.2317,2000-11-25,1421,Terra,66
-35.1894,-59.0945,2000-11-25,1421,Terra,55
-34.1199,-66.4722,2000-11-25,1421,Terra,68
-34.1298,-66.4609,2000-11-25,1421,Terra,67
-35.5718,-58008,2000-11-25,1421,Terra,0
-35.4487,-60.8909,2000-11-25,1421,Terra,25
-35.4503,-60.8799,2000-11-25,1421,Terra,30
-34.9303,-66492,2000-11-25,1421,Terra,32
-35.1191,-66.5408,2000-11-25,1421,Terra,97
-35.1304,-66.5442,2000-11-25,1421,Terra,35
-35.1263,-66.5498,2000-11-25,1421,Terra,80
-35.13,-66.5315,2000-11-25,1421,Terra,26
-35.1376,-66.5532,2000-11-25,1421,Terra,24
-35.1413,-66.5349,2000-11-25,1421,Terra,74
-36.7779,-59.0865,2000-11-25,1421,Terra,22
-37.3217,-59.1343,2000-11-25,1421,Terra,32
-37.1079,-60.8201,2000-11-25,1421,Terra,72
-37.8504,-58.2542,2000-11-25,1422,Terra,52
-37.9432,-57.8055,2000-11-25,1422,Terra,78
-34.8819,-66.5452,2000-11-26,402,Terra,72
-34.8867,-66.5679,2000-11-26,402,Terra,17
-32.0194,-65827,2000-11-26,402,Terra,39
-32.0257,-65.8557,2000-11-26,402,Terra,34
-32.0053,-65.8313,2000-11-26,402,Terra,66
-32.0117,-65.86,2000-11-26,402,Terra,70
-32.0175,-65.8329,2000-11-26,402,Terra,95
-32.0237,-65.8617,2000-11-26,402,Terra,35
-31.5921,-67.8874,2000-11-26,403,Terra,53
-31.5969,-67.9108,2000-11-26,403,Terra,89
-31.5926,-67.8947,2000-11-26,403,Terra,81
-31.5971,-67.9177,2000-11-26,403,Terra,71
-23.3944,-64.1965,2000-11-26,1501,Terra,85
-23.3182,-65.0533,2000-11-26,1501,Terra,76
-24.4503,-60.7912,2000-11-26,1501,Terra,66
-26.3153,-65.3835,2000-11-26,1502,Terra,86
-26.7374,-65.2561,2000-11-26,1502,Terra,47
-27.1654,-65494,2000-11-26,1502,Terra,32
-27.6558,-62.6955,2000-11-26,1502,Terra,61
-28.1292,-62.6177,2000-11-26,1502,Terra,68
-29085,-62.7762,2000-11-26,1502,Terra,37
-31.37,-62.4882,2000-11-26,1503,Terra,91
-31.3721,-62464,2000-11-26,1503,Terra,65
-31.5924,-67.9044,2000-11-26,1503,Terra,84
-32.0179,-65.8456,2000-11-26,1503,Terra,84
-32598,-65.4146,2000-11-26,1503,Terra,64
-32.6549,-65.4061,2000-11-26,1503,Terra,64
-32.9304,-68.7444,2000-11-26,1503,Terra,56
-32.9319,-68.7329,2000-11-26,1503,Terra,59
-32.9909,-68.7906,2000-11-26,1503,Terra,26
-32.9924,-68.7792,2000-11-26,1503,Terra,23
-33.1982,-68.4612,2000-11-26,1504,Terra,46
-33.3734,-69.1476,2000-11-26,1504,Terra,33
-34881,-66.5981,2000-11-26,1504,Terra,71
-34.8882,-66.6303,2000-11-26,1504,Terra,85
-34.8899,-66615,2000-11-26,1504,Terra,52
-34905,-66.4767,2000-11-26,1504,Terra,69
-35.1844,-69.1736,2000-11-26,1504,Terra,64
-29.8833,-62.8983,2000-11-27,308,Terra,38
-26.1036,-64.4778,2000-11-27,309,Terra,69
-23.3882,-64.1896,2000-11-27,310,Terra,28
-22.7177,-64.1149,2000-11-27,310,Terra,51
-22.1814,-63.5028,2000-11-27,310,Terra,65
-22.1828,-63.5125,2000-11-27,310,Terra,71
-22181,-63.5107,2000-11-27,1405,Terra,43
-23.8963,-60.9464,2000-11-27,1406,Terra,68
-23.4011,-64.1814,2000-11-27,1406,Terra,55
-23.3939,-64.1854,2000-11-27,1406,Terra,55
-26.0814,-54.5985,2000-11-27,1406,Terra,39
-26021,-61.5281,2000-11-27,1406,Terra,64
-27.3264,-55.3343,2000-11-27,1406,Terra,34
-27.3354,-55.3359,2000-11-27,1406,Terra,51
-28.9871,-61.2358,2000-11-27,1407,Terra,57
-29.2004,-61.0229,2000-11-27,1407,Terra,70
-35079,-57.5158,2000-11-27,1408,Terra,52
-35.5754,-58.0099,2000-11-27,1409,Terra,0
-36.6071,-59.6628,2000-11-27,1409,Terra,67
-37.8524,-58.2558,2000-11-27,1409,Terra,35
-34.1541,-65.2383,2000-11-28,350,Terra,38
-24.2702,-63.6712,2000-11-28,352,Terra,47
-22.1071,-63.4198,2000-11-28,1448,Terra,45
-22.1085,-63.4098,2000-11-28,1448,Terra,20
-22.1864,-63.5101,2000-11-28,1448,Terra,91
-22.2169,-63.4803,2000-11-28,1448,Terra,20
-23.27,-62687,2000-11-28,1448,Terra,48
-23.2715,-62676,2000-11-28,1448,Terra,64
-23.0753,-64.4338,2000-11-28,1448,Terra,92
-23.0767,-64.4241,2000-11-28,1448,Terra,52
-23.1372,-64.3236,2000-11-28,1448,Terra,36
-23.6912,-61.1924,2000-11-28,1448,Terra,59
-23.7258,-61.1698,2000-11-28,1448,Terra,99
-23.7274,-61.1563,2000-11-28,1448,Terra,91
-23.7363,-61.1713,2000-11-28,1448,Terra,97
-23.7379,-61.1578,2000-11-28,1448,Terra,81
-23.7467,-61.1727,2000-11-28,1448,Terra,93
-23.7484,-61.1592,2000-11-28,1448,Terra,74
-23.3445,-64.2892,2000-11-28,1448,Terra,45
-23.7572,-61.1741,2000-11-28,1448,Terra,94
-23.7589,-61.1606,2000-11-28,1448,Terra,91
-23.4898,-64.2344,2000-11-28,1448,Terra,59
-23.4912,-64.2244,2000-11-28,1448,Terra,45
-23.4989,-64.2358,2000-11-28,1448,Terra,31
-24.4306,-63.8855,2000-11-28,1449,Terra,49
-24.4456,-64.7543,2000-11-28,1449,Terra,100
-24.4471,-64.7444,2000-11-28,1449,Terra,95
-25.0061,-63.7547,2000-11-28,1449,Terra,66
-25.0075,-63.7441,2000-11-28,1449,Terra,74
-25.2923,-63.8837,2000-11-28,1449,Terra,69
-25.5295,-64.6934,2000-11-28,1449,Terra,70
-25.7546,-64.7952,2000-11-28,1449,Terra,51
-26.3343,-61.5852,2000-11-28,1449,Terra,19
-26.7813,-65.1373,2000-11-28,1449,Terra,57
-26.9812,-64.4264,2000-11-28,1449,Terra,33
-34.1294,-63.3835,2000-11-28,1451,Terra,22
-34.1442,-65237,2000-11-28,1451,Terra,48
-37526,-65.2415,2000-11-28,1452,Terra,63
-34.4027,-61.0883,2000-11-29,1356,Terra,61
-34.4043,-61.0957,2000-11-29,1356,Terra,65
-37.1606,-56.9288,2000-11-29,1357,Terra,36
-38.3695,-62.8824,2000-11-29,1357,Terra,80
-38.3743,-62.8599,2000-11-29,1357,Terra,77
-38.3865,-62.8642,2000-11-29,1357,Terra,77
-39.1365,-62.3617,2000-11-29,1357,Terra,84
-39.1408,-62.3412,2000-11-29,1357,Terra,82
-37.1794,-64.8965,2000-11-30,336,Terra,16
-37.1814,-64.9088,2000-11-30,336,Terra,42
-37.1762,-64.9037,2000-11-30,336,Terra,87
-32.6995,-63.4327,2000-11-30,338,Terra,53
-24.3145,-63.9002,2000-11-30,340,Terra,67
-24.3152,-63.9056,2000-11-30,340,Terra,54
-27.4547,-58.9888,2000-11-30,1437,Terra,40
-32.0664,-60.6393,2000-11-30,1438,Terra,40
-32.6206,-60.1539,2000-11-30,1438,Terra,58
-33.0115,-58.5126,2000-11-30,1438,Terra,53
-32818,-61.3943,2000-11-30,1438,Terra,63
-33.1553,-60.5109,2000-11-30,1439,Terra,54
-33.3435,-60.2108,2000-11-30,1439,Terra,41
-33.4557,-61.4937,2000-11-30,1439,Terra,48
-33.4572,-61481,2000-11-30,1439,Terra,51
-33.8978,-60.5766,2000-11-30,1439,Terra,57
-33.8994,-60.5622,2000-11-30,1439,Terra,23
-33.7533,-61.9641,2000-11-30,1439,Terra,39
-34.1958,-60.7292,2000-11-30,1439,Terra,36
-34.2701,-62.7119,2000-11-30,1439,Terra,65
-34.6561,-59.4313,2000-11-30,1439,Terra,51
-34.9006,-60.0243,2000-11-30,1439,Terra,35
-34.9023,-60.0083,2000-11-30,1439,Terra,26
-34.8629,-61.5256,2000-11-30,1439,Terra,51
-34.8728,-61.5272,2000-11-30,1439,Terra,41
-35.1233,-60.4888,2000-11-30,1439,Terra,51
-35.4303,-60174,2000-11-30,1439,Terra,55
-35.4439,-60.8834,2000-11-30,1439,Terra,62
-35.4944,-62.9719,2000-11-30,1439,Terra,44
-35.8127,-61.9055,2000-11-30,1439,Terra,52
-35.8142,-61.8922,2000-11-30,1439,Terra,57
-35.6701,-63.7722,2000-11-30,1439,Terra,38
-35.6717,-63.7607,2000-11-30,1439,Terra,47
-35.9739,-62.7314,2000-11-30,1439,Terra,28
-36228,-61.1117,2000-11-30,1439,Terra,51
-36.7809,-59.8523,2000-11-30,1439,Terra,57
-36414,-65.9683,2000-11-30,1440,Terra,95
-36.4157,-65.9571,2000-11-30,1440,Terra,28
-36423,-65.9704,2000-11-30,1440,Terra,53
-36.4247,-65.9592,2000-11-30,1440,Terra,42
-38.6673,-62.4677,2000-11-30,1440,Terra,100
-38.6689,-62.4537,2000-11-30,1440,Terra,100
-38.6684,-62.4594,2000-11-30,1440,Terra,100
-38.6699,-62.4453,2000-11-30,1440,Terra,76
-38.4981,-64.0261,2000-11-30,1440,Terra,85
-38.4997,-64.0139,2000-11-30,1440,Terra,100
-38.7566,-64.2987,2000-11-30,1440,Terra,92
-38.7582,-64.2866,2000-11-30,1440,Terra,67
-39.1757,-62365,2000-11-30,1440,Terra,79
-39.1857,-62.3668,2000-11-30,1440,Terra,42
